keyword,notes
convert heic to webp,seed keyword — prioritize bulk and preserve transparency
heic to webp bulk,high intent — tool page
convert heic to jpg online,mobile-first flow
compress png for web,preset targets (article/social)
optimize png for web,SEO article + tool
webp vs avif,compare page
resize image for web,tool + presets
reduce image file size without losing quality,educational + tool widget
compress jpeg online bulk,tool page
remove exif data online,privacy-focused
image optimizer for wordpress,plugin + landing page
responsive images generator,tool + srcset generator
generate srcset online,developer flow
bulk image compression for ecommerce,merchant-focused
image optimization for shopify,marketplace presets
convert png to webp preserving transparency,technical guidance
optimize png for blog,content-targeted page
batch image converter online,batch tool
best settings for webp quality,educational
image compression target 100kb,target presets
